epoch,batch,train_loss,train_recon_loss,train_kl_loss,train_acc,val_loss,val_recon_loss,val_kl_loss,val_acc,lr,beta,grad_norm,time_elapsed
1,221,185006.67954673423,185006.67954673423,0.1653040430198113,0.7725225225225225,184781.21451822916,184781.21451822916,0.10676697175949812,0.75,4.000000000000001e-06,0.0001,259003.421875,83.79758429527283
2,221,175861.08818975225,174931.38986838402,7878804.12621011,0.7806869369369369,58552.46240234375,56098.972412109375,20792287.708333332,0.8042534722222222,8.000000000000001e-06,0.00011800000000000001,347342.5,168.62178778648376
3,221,4.0363100144452025e+26,180783.34811373873,2.9678748114362087e+30,0.7840653153153153,178631.67805989584,178620.56184895834,81732.17545572917,0.75,9.997539658034168e-06,0.000136,260356.15625,251.70600605010986
