epoch,batch,train_loss,train_recon_loss,train_kl_loss,train_acc,val_loss,val_recon_loss,val_kl_loss,val_acc,lr,beta,grad_norm,time_elapsed
1,221,185006.67940596846,185006.67940596846,0.1653040424996131,0.7725225225225225,184781.21484375,184781.21484375,0.10676694381982088,0.75,4.000000000000001e-06,0.0001,259003.421875,83.82729315757751
2,221,175809.6052224099,174929.02889217343,8805768.487483433,0.7809684684684685,57768.594482421875,55423.649576822914,23449449.291666668,0.8120659722222222,8.000000000000001e-06,0.0001,350976.9375,168.59124302864075
3,221,1.195934631964097e+27,180781.31313344595,1.1959346984005608e+31,0.7840653153153153,178630.09309895834,178619.37369791666,107200.59684244792,0.75,9.997539658034168e-06,0.0001,260356.0,251.59870409965515
4,221,2047281983773237.2,176576.94270833334,2.0472819974652363e+19,0.7806869369369369,173428.54231770834,173422.89680989584,56461.449055989586,0.75,9.977873061452551e-06,0.0001,256272.390625,333.8814287185669
5,221,7221469262.086641,168745.73008164414,72213007053618.86,0.7784346846846847,158001.76041666666,157999.00944010416,27518.101033528645,0.75,9.938625865312252e-06,0.0001,255414.3125,416.1197175979614
