epoch,train_loss,train_recon_loss,train_kl_loss,val_loss,val_recon_loss,val_kl_loss,lr,beta,mu_mean,mu_std,logvar_mean,logvar_std,actual_var,train_batches,time_elapsed
1,0.0948982846209263,0.09447163299528838,8.533034603469968,0.051187657151390745,0.05077319133890237,8.28931607251392,5e-06,5e-05,-0.030341023579239845,3.664137840270996,-4.5967488288879395,1.8292794227600098,0.04255371540784836,891,117.18235850334167
