epoch,batch,train_loss,train_recon_loss,train_kl_loss,train_acc,val_loss,val_recon_loss,val_kl_loss,val_acc,lr,beta,grad_norm,time_elapsed
1,1351,66295.43068356486,66295.37420473719,56457.29475183982,0.8109282544378699,21889.82448814655,21889.765520608835,58970.66244612069,0.8086206896551724,4.000000000000001e-06,1e-06,154079.15625,1029.6914370059967
