epoch,train_loss,train_recon_loss,train_kl_loss,val_loss,val_recon_loss,val_kl_loss,lr,time_elapsed
1,2230197.8625114127,0.07511950789449073,2230197.788086036,10.899232389355793,0.023720049678202817,10.875512362433025,0.001,532.3087139129639
2,5.489409466098748,0.007710357104549936,5.4816991090045875,0.8195327771933814,0.0017123614688414528,0.817820415070755,0.001,1059.106252670288
3,0.41273371899574873,0.000805780318292157,0.4119279388013465,0.14161007230952666,0.0004620968153148698,0.1411479757425903,0.001,1591.9549250602722
4,0.13240490350553488,0.00043922686621711076,0.13196567646983007,0.044695630797075225,0.00034127050161737054,0.04435436025318537,0.001,2138.2473917007446
