epoch,batch,train_loss,train_recon_loss,train_kl_loss,train_acc,val_loss,val_recon_loss,val_kl_loss,val_acc,lr,beta,grad_norm,time_elapsed
1,675,36790.28223739714,36261.40923169379,52887.3015761593,0.8391272189349113,8527.507795662716,8503.641295123922,2386.650069032866,0.8143567639257294,4e-05,0.01,186560.96875,370.606164932251
2,675,nan,nan,nan,0.0,nan,nan,nan,0.0,8e-05,0.01,nan,754.6799554824829
