epoch,batch,mu_mean,mu_std,logvar_mean,logvar_std,actual_var
1,0,-0.02394150197505951,0.4127126932144165,0.0012595811858773232,0.41772741079330444,1.092546820640564
1,100,0.013189265504479408,2.8145337104797363,-0.8505738377571106,2.2787985801696777,646.4491577148438
1,200,0.02057897299528122,2.1144585609436035,-2.5950779914855957,0.7753133177757263,0.10218547284603119
1,300,0.031077904626727104,6.566194534301758,-3.6688168048858643,0.6028071045875549,0.03077300637960434
1,400,-0.0006694681942462921,6.846571445465088,-3.8790345191955566,0.8836182355880737,0.029853887856006622
