epoch,batch,train_loss,train_recon_loss,train_kl_loss,val_loss,val_recon_loss,val_kl_loss,lr,beta,grad_norm,time_elapsed
1,444,148732.1928019663,148644.83065308988,1740128.4815277443,136184.30314127603,135957.68229166666,22662.154690424602,2e-05,0.0002,nan,179.25075483322144
