epoch,train_loss,train_recon_loss,train_kl_loss,val_loss,val_recon_loss,val_kl_loss,lr,time_elapsed
1,2466133.0195209826,0.21217211313381956,2466132706.4813766,242624.10541930379,0.012217975162629839,242624075.94936708,0.001,52.07975149154663
2,221054.32546707825,0.01147518116356498,221054299.44258672,242593.84810126582,0.012136739077447336,242593827.84810126,0.001,106.5962381362915
