epoch,train_loss,train_recon_loss,train_kl_loss,val_loss,val_recon_loss,val_kl_loss,lr,time_elapsed
1,1876515280.5798142,3683713.860078829,1872831570.67129,1267551.8307291667,430096.3326822917,837455.4973958334,0.001,55.80158019065857
2,47219904.252393015,1040731.9806447072,46179172.186582826,339763.8483072917,329290.3359375,10473.513020833334,0.001,133.49709916114807
