epoch,batch,train_loss,train_recon_loss,train_kl_loss,train_acc,val_loss,val_recon_loss,val_kl_loss,val_acc,lr,beta,grad_norm,time_elapsed
1,675,214841.77616783007,213095.73637146357,17460400.255835872,0.784116124260355,21807.65083512931,17635.873868534483,41717770.97931034,0.8020557029177718,4.000000000000001e-06,0.0001,199963.28125,245.91388773918152
2,675,nan,nan,nan,0.0,nan,nan,nan,0.0,8.000000000000001e-06,0.0001,nan,492.65066051483154
3,675,nan,nan,nan,0.0,nan,nan,nan,0.0,9.997539658034168e-06,0.0001,nan,737.0698823928833
4,675,nan,nan,nan,0.0,nan,nan,nan,0.0,9.977873061452551e-06,0.0001,nan,981.1320478916168
5,675,nan,nan,nan,0.0,nan,nan,nan,0.0,9.938625865312252e-06,0.0001,nan,1225.3609013557434
6,675,nan,nan,nan,0.0,nan,nan,nan,0.0,9.879969687616026e-06,0.0001,nan,1469.3020451068878
7,675,nan,nan,nan,0.0,nan,nan,nan,0.0,9.80216101690461e-06,0.0001,nan,1713.6995372772217
8,675,nan,nan,nan,0.0,nan,nan,nan,0.0,9.705540090697576e-06,0.0001,nan,1957.8670706748962
9,675,nan,nan,nan,0.0,nan,nan,nan,0.0,9.590529407721232e-06,0.0001,nan,2202.0050756931305
