epoch,train_loss,train_acc,val_loss,val_acc,lr,kl_loss,time_elapsed
1,4.626541162773951,67.4678746417676,0.6623453265333361,82.7362969356927,5e-05,27861.243262738917,1358.5855045318604
2,1.0869336167191646,74.50309697698067,0.45177740133883987,85.84376348726802,5e-05,24482.34673412655,2749.488243818283
3,0.7164990622328116,77.78496810575945,0.44044825739525084,85.62796719896417,5e-05,22212.833365954633,4118.873418807983
4,0.5863677529943423,80.38273088656744,0.4108329837467324,85.71428571428571,5e-05,20130.4593922616,5488.248647451401
5,0.5325242955971354,81.90810760839419,0.39774868964994575,87.05222270176952,5e-05,18177.01511852726,6836.973449707031
