epoch,train_loss,train_acc,val_loss,val_acc,lr,kl_loss,time_elapsed
1,4.754966358026445,70.45391513358602,0.9671738815035054,84.76478204574882,5e-05,27895.492310642392,1605.764770269394
