epoch,batch,mu_mean,mu_std,logvar_mean,logvar_std,actual_var
1,0,0.004982687532901764,0.1384381651878357,0.003448787610977888,0.13840942084789276,1.0130729675292969
