epoch,batch,mu_mean,mu_std,logvar_mean,logvar_std,actual_var
1,0,0.005156056955456734,0.14248822629451752,0.0013132854364812374,0.14743554592132568,1.012416124343872
