epoch,batch,train_loss,train_recon_loss,train_kl_loss,train_acc,val_loss,val_recon_loss,val_kl_loss,val_acc,lr,beta,grad_norm,time_elapsed
1,337,139093.21875,139093.2109375,0.8378166873008013,1.296875,164408.73159246575,164408.73159246575,0.03281081018790807,0.9381585879873551,2.366863905325444e-07,0.01,192530.71875,160.7798969745636
