epoch,batch,mu_mean,mu_std,logvar_mean,logvar_std,actual_var
1,0,-0.002413165755569935,0.24604849517345428,-0.00700314249843359,0.2841649353504181,1.0351636409759521
