epoch,train_loss,train_acc,val_loss,val_acc,lr,kl_loss,time_elapsed
1,19.957566958557173,68.66760168302946,6.385793369148824,82.06806282722513,5e-05,367810.2656030856,2708.8081135749817
