epoch,batch,mu_mean,mu_std,logvar_mean,logvar_std,actual_var
1,0,-0.003920314833521843,0.26833030581474304,0.011537687852978706,0.2949976921081543,1.0575001239776611
