Epoch,Train Loss,Train Accuracy,Validation Loss,Validation Accuracy
105,1515760.4738858666,0.29718217562254257,1513107.8534031413,0.28511424731182794
106,1510927.2491661683,0.2968417226408912,1508229.5706806283,0.28511424731182794
