Epoch,Train Loss,Train Accuracy,Validation Loss,Validation Accuracy
27,1102527.5979895722,0.3380774901703801,918149.5706806283,0.3311911962365591
28,778841.5428998179,0.338126126310616,644837.0261780105,0.3311911962365591
