epoch,batch,train_loss,train_recon_loss,train_kl_loss,val_loss,val_recon_loss,val_kl_loss,lr,beta,grad_norm,time_elapsed
1,364,0.22801848214406234,0.22757259207767444,6.197731666512542,0.19682539339306987,0.19470408181600932,0.42426240557356726,2.5e-06,0.00025,nan,174.4999749660492
