epoch,train_loss,train_acc,val_loss,val_acc,lr,kl_loss,time_elapsed
1,3.535175309270662,80.14025245441795,0.6928268039881871,86.12565445026178,0.001,1.1996169884107892,67.52978205680847
2,0.4223687523712115,88.05049088359046,0.3658785186512932,87.69633507853403,0.001,1.1924528757619657,138.64699339866638
3,0.3016987533338608,92.56661991584853,0.7544543471197105,87.95811518324608,0.001,1.1864453500985765,210.0572247505188
4,0.13986548758040052,96.26928471248247,0.7186406161148511,88.61256544502618,0.001,1.1761336163083433,281.49247002601624
5,0.10820078342656245,97.89621318373071,0.8242657087640886,89.13612565445027,0.001,1.1587909123673512,352.8568186759949
6,0.0920987756869524,98.28892005610098,0.9362780615437168,89.13612565445027,0.001,1.1377167182082382,424.1986141204834
7,0.05854648580358156,98.99018232819074,0.9286571644327033,89.52879581151832,0.001,1.1164280110622689,491.0979850292206
8,0.03581233494570972,99.24263674614306,1.0952341001546644,87.82722513089006,0.001,1.0954734128788846,562.351194858551
