epoch,batch,train_loss,train_recon_loss,train_kl_loss,train_acc,val_loss,val_recon_loss,val_kl_loss,val_acc,lr,beta,grad_norm,time_elapsed
1,2703,55332.616079477164,55332.556986791846,59099.18984819546,0.7316937869822485,20121.69081610318,20121.64446137527,46330.52408910291,0.715948275862069,4.000000000000001e-06,1e-06,141070.40625,1463.8998515605927
2,2703,17271.68438395664,17270.867651042146,816740.6834370089,0.720784023668639,10756.508974693561,10756.219279111665,289694.72497306037,0.7021551724137931,8.000000000000001e-06,1e-06,553328.5,2948.1567380428314
3,2703,9481.323393240484,9479.926312960111,1397078.8224100869,0.7151442307692307,7214.653664634968,7213.289797447468,1363856.7398706896,0.7129310344827586,9.997539658034168e-06,1e-06,255237.390625,4431.876543998718
4,2703,6892.8807593351285,6889.084635807918,3796128.55427145,0.7132951183431953,5780.013646619073,5776.619749713766,3393895.220474138,0.7116379310344828,9.977873061452551e-06,1e-06,740434.625,5915.731737136841
