Epoch,Train Loss,Train Accuracy,Validation Loss,Validation Accuracy
1,991523421111.9717,0.33648785632372213,878174313770.4712,0.346690188172043
2,916960828701.6309,0.33609876720183485,793266036884.5654,0.346690188172043
