Epoch,Train Loss,Train Accuracy,Validation Loss,Validation Accuracy
1,991523421111.9717,0.33648785632372213,878174313770.4712,0.346690188172043
2,916960828701.6309,0.33609876720183485,793266036884.5654,0.346690188172043
3,788791064073.3306,0.3363419479030144,648540757906.534,0.346690188172043
4,644390468959.3983,0.3358555865006553,612687228396.8796,0.346690188172043
5,744523449023.049,0.33648785632372213,514411358709.6545,0.346690188172043
6,502365286393.11005,0.33639058404325034,806049419021.5288,0.346690188172043
7,572849580074.8618,0.33624467562254257,448576373169.96857,0.346690188172043
