epoch,train_loss,train_acc,val_loss,val_acc,lr,kl_loss,time_elapsed
1,7.053808158943882,67.816091954023,1.4760215617158936,84.86789431545236,5e-05,110101.27658314034,1768.226282119751
