Epoch,Train Loss,Train Accuracy,Validation Loss,Validation Accuracy
250,1746201.9175400469,0.336766874180865,1876352.335078534,0.32367271505376344
